Title,Price,Link,Image
2005 Vauxhall corsa,450,https://www.facebook.com/marketplace/item/275767371457195/?ref=search&referral_code=null&referral_story_type=post&tracking=browse_serp%3A9b5f43c4-3d5f-47b7-b035-0c3c01f12559&__tn__=!%3AD,https://scontent.flhr4-4.fna.fbcdn.net/v/t39.30808-6/342717919_225277276799942_2008958907557059323_n.jpg?stp=c0.73.579.579a_dst-jpg_s261x260&_nc_cat=110&ccb=1-7&_nc_sid=3b2858&_nc_ohc=fcljPqV79FwAX-drdob&_nc_ht=scontent.flhr4-4.fna&oh=00_AfDWU2A3dv2IxOWxE1FO93kDlAtkwrXG94uBgDzgIMAwAA&oe=646FF2A8
2010 Vauxhall car,"1,000",https://www.facebook.com/marketplace/item/1323844528195059/?ref=search&referral_code=null&referral_story_type=post&tracking=browse_serp%3A9b5f43c4-3d5f-47b7-b035-0c3c01f12559&__tn__=!%3AD,https://scontent.flhr4-3.fna.fbcdn.net/v/t39.30808-6/338833682_230895116091415_3417102525888726258_n.jpg?stp=c43.0.260.260a_dst-jpg_p261x260&_nc_cat=104&ccb=1-7&_nc_sid=3b2858&_nc_ohc=XJI4-scNjtYAX9U4xzX&_nc_ht=scontent.flhr4-3.fna&oh=00_AfDIxlVloQZ5SHUtBDhdIZwK2hcX9gOvJ8h1Ro6WG_ngnA&oe=646ED865
2018 Mercedes-Benz aclass,900,https://www.facebook.com/marketplace/item/198364222991541/?ref=search&referral_code=null&referral_story_type=post&tracking=browse_serp%3A9b5f43c4-3d5f-47b7-b035-0c3c01f12559&__tn__=!%3AD,https://scontent.flhr4-3.fna.fbcdn.net/v/t39.30808-6/343072211_1023401598621969_1625952076380065079_n.jpg?stp=c43.0.260.260a_dst-jpg_p261x260&_nc_cat=102&ccb=1-7&_nc_sid=3b2858&_nc_ohc=JLkr5GM95eYAX_eUf1k&_nc_oc=AQnsfXu6LFMBDdwTtL26PLvoff4QG2a0neXYOzq4izlaXs6zdm73pjQJwfwNJPTxvEKc08GFLwSS23hBkXh3xdj7&_nc_ht=scontent.flhr4-3.fna&oh=00_AfAKRPy23eV_ESR2G5v0YTIniAMrJVRgjZQQTZ4EPtkV6A&oe=646FE1C6
2010 Vauxhall astra,"1,500",https://www.facebook.com/marketplace/item/3488444341479865/?ref=search&referral_code=null&referral_story_type=post&tracking=browse_serp%3A9b5f43c4-3d5f-47b7-b035-0c3c01f12559&__tn__=!%3AD,https://scontent.flhr4-3.fna.fbcdn.net/v/t45.5328-4/347379270_6295585357166367_5335687988588692917_n.jpg?stp=c0.43.261.261a_dst-jpg_p261x260&_nc_cat=102&ccb=1-7&_nc_sid=c48759&_nc_ohc=r7sQiQAs-yoAX-ZKP7W&_nc_ht=scontent.flhr4-3.fna&oh=00_AfCTSNoZbaoEyCWytDh57IS9mBugsD-qaWHMUESPTElmVw&oe=646FFC50
2009 Volkswagen golf,"2,999",https://www.facebook.com/marketplace/item/919027986054196/?ref=search&referral_code=null&referral_story_type=post&tracking=browse_serp%3A9b5f43c4-3d5f-47b7-b035-0c3c01f12559&__tn__=!%3AD,https://scontent.flhr4-4.fna.fbcdn.net/v/t39.30808-6/346462074_267767098968049_7216748797412937337_n.jpg?stp=c43.0.260.260a_dst-jpg_p261x260&_nc_cat=111&ccb=1-7&_nc_sid=3b2858&_nc_ohc=RxrOmIklKH0AX-q9nQk&_nc_ht=scontent.flhr4-4.fna&oh=00_AfCb7XbXoUrQQc7kf8NtqdNQal7ObHoPbfRKvQQ7vhgXqQ&oe=64700CCE
2007 Renault clio,650,https://www.facebook.com/marketplace/item/1300356507360531/?ref=search&referral_code=null&referral_story_type=post&tracking=browse_serp%3A9b5f43c4-3d5f-47b7-b035-0c3c01f12559&__tn__=!%3AD,https://scontent.flhr4-3.fna.fbcdn.net/v/t39.30808-6/344883975_3181985222022139_4254259980277333504_n.jpg?stp=c0.29.261.261a_dst-jpg_p261x260&_nc_cat=109&ccb=1-7&_nc_sid=3b2858&_nc_ohc=UT6424IFTxsAX9Br-Kq&_nc_ht=scontent.flhr4-3.fna&oh=00_AfDCUpSSZc_r63AJiZ7ctipxOLmptIY8Op8q5HNHgQVSSw&oe=64700A1D
2007 Volkswagen golf,"1,395",https://www.facebook.com/marketplace/item/195342086646601/?ref=search&referral_code=null&referral_story_type=post&tracking=browse_serp%3A9b5f43c4-3d5f-47b7-b035-0c3c01f12559&__tn__=!%3AD,https://scontent.flhr4-4.fna.fbcdn.net/v/t39.30808-6/344744579_568867602013759_1936785052349179570_n.jpg?stp=c0.29.261.261a_dst-jpg_p261x260&_nc_cat=111&ccb=1-7&_nc_sid=3b2858&_nc_ohc=v_MDjhDgav4AX909V7_&_nc_ht=scontent.flhr4-4.fna&oh=00_AfBUsliD67VgXPU_INQYkgmFsPy8w5OKnMqm1gDyE0wx-g&oe=646FC9A7
2009 Nissan qashqai,700,https://www.facebook.com/marketplace/item/932466951347595/?ref=search&referral_code=null&referral_story_type=post&tracking=browse_serp%3A9b5f43c4-3d5f-47b7-b035-0c3c01f12559&__tn__=!%3AD,https://scontent.flhr4-3.fna.fbcdn.net/v/t39.30808-6/346047202_755220386261551_1366895180485378884_n.jpg?stp=c47.0.260.260a_dst-jpg_p261x260&_nc_cat=104&ccb=1-7&_nc_sid=3b2858&_nc_ohc=uDOJVk5GN54AX8UpTC_&_nc_ht=scontent.flhr4-3.fna&oh=00_AfDnaV7Iedi3uFEYWPd6OwuAPreTPLTPxS6X_5Khjgl2tg&oe=646EC6DC
2010 BMW x5 3.0d m sport panroof rear ent,"4,990",https://www.facebook.com/marketplace/item/564055775909933/?ref=search&referral_code=null&referral_story_type=post&tracking=browse_serp%3A9b5f43c4-3d5f-47b7-b035-0c3c01f12559&__tn__=!%3AD,https://scontent.flhr4-4.fna.fbcdn.net/v/t39.30808-6/348455265_228586179871642_1588763683158162359_n.jpg?stp=c43.0.260.260a_dst-jpg_p261x260&_nc_cat=108&ccb=1-7&_nc_sid=3b2858&_nc_ohc=V5pdyv5HIOYAX_w5c6H&_nc_ht=scontent.flhr4-4.fna&oh=00_AfAL0f6In0LTyfeCBlSXKruNvtZ3OX2Mw6h06lqp5MVFbQ&oe=64701C27
2023 Scrap my car scrap your car,500,https://www.facebook.com/marketplace/item/1223920248229254/?ref=search&referral_code=null&referral_story_type=post&tracking=browse_serp%3A9b5f43c4-3d5f-47b7-b035-0c3c01f12559&__tn__=!%3AD,https://scontent.flhr4-4.fna.fbcdn.net/v/t39.30808-6/342701180_192278886990630_222831043702544652_n.jpg?stp=c0.29.261.261a_dst-jpg_p261x260&_nc_cat=100&ccb=1-7&_nc_sid=3b2858&_nc_ohc=2Kw6rxc7zVoAX9uuSrN&_nc_ht=scontent.flhr4-4.fna&oh=00_AfB-qdngsr4I8shMRN1TU4Jjs6R1MqAC1uRlyOSiAuQEUQ&oe=647021FF
2012 Nissan juke,"1,700",https://www.facebook.com/marketplace/item/184955517348585/?ref=search&referral_code=null&referral_story_type=post&tracking=browse_serp%3A9b5f43c4-3d5f-47b7-b035-0c3c01f12559&__tn__=!%3AD,https://scontent.flhr4-4.fna.fbcdn.net/v/t45.5328-4/333527773_6151272544918530_5049112978175994050_n.jpg?stp=c43.0.260.260a_dst-jpg_p261x260&_nc_cat=100&ccb=1-7&_nc_sid=c48759&_nc_ohc=vLIlgFCN9cwAX-5j2V0&_nc_ht=scontent.flhr4-4.fna&oh=00_AfDJZGM09JFJdvJ5f4NDFpvQu9_6b0XnA8M35XlbpCtiKg&oe=646FA9FC
2005 Volkswagen golf,"1,500",https://www.facebook.com/marketplace/item/261151939796742/?ref=search&referral_code=null&referral_story_type=post&tracking=browse_serp%3A9b5f43c4-3d5f-47b7-b035-0c3c01f12559&__tn__=!%3AD,https://scontent.flhr4-3.fna.fbcdn.net/v/t39.30808-6/348425062_789118265940815_468452356741629150_n.jpg?stp=c0.148.576.576a_dst-jpg_s261x260&_nc_cat=106&ccb=1-7&_nc_sid=3b2858&_nc_ohc=DMMBJwANtuUAX_2qXnZ&_nc_ht=scontent.flhr4-3.fna&oh=00_AfBdDYuMUWC_cUebd9lvaQZV2SmLfkj3-t2h5Y5nriTIWQ&oe=646E94D1
2021 Volkswagen golf,250,https://www.facebook.com/marketplace/item/731812838159626/?ref=search&referral_code=null&referral_story_type=post&tracking=browse_serp%3A9b5f43c4-3d5f-47b7-b035-0c3c01f12559&__tn__=!%3AD,https://scontent.flhr4-3.fna.fbcdn.net/v/t39.30808-6/323413835_8961678813872326_7005187750560426616_n.jpg?stp=c43.0.260.260a_dst-jpg_p261x260&_nc_cat=104&ccb=1-7&_nc_sid=3b2858&_nc_ohc=U_QRR49A_YUAX8Ss0nO&_nc_ht=scontent.flhr4-3.fna&oh=00_AfCaw27K70S1UloasBNzImIakcP37MC0S5DebAD-wxP_eA&oe=646EB90D
2009 Vauxhall zafira,"1,200",https://www.facebook.com/marketplace/item/788005446005703/?ref=search&referral_code=null&referral_story_type=post&tracking=browse_serp%3A9b5f43c4-3d5f-47b7-b035-0c3c01f12559&__tn__=!%3AD,https://scontent.flhr4-4.fna.fbcdn.net/v/t39.30808-6/344224987_243138638393683_2475690450458816787_n.jpg?stp=c0.139.828.828a_dst-jpg_s261x260&_nc_cat=103&ccb=1-7&_nc_sid=3b2858&_nc_ohc=D4t6NxGQ7YQAX8aMXxq&_nc_ht=scontent.flhr4-4.fna&oh=00_AfBdRhYi8mDg4-xPWqbt0Da4_rCf5f7cyJsC3rCMaCQBqQ&oe=646F419B
2006 Mercedes-Benz s-class,"2,200",https://www.facebook.com/marketplace/item/223118260435100/?ref=search&referral_code=null&referral_story_type=post&tracking=browse_serp%3A9b5f43c4-3d5f-47b7-b035-0c3c01f12559&__tn__=!%3AD,https://scontent.flhr4-4.fna.fbcdn.net/v/t39.30808-6/344736312_109312485483886_1935042356547913879_n.jpg?stp=c43.0.260.260a_dst-jpg_p261x260&_nc_cat=108&ccb=1-7&_nc_sid=3b2858&_nc_ohc=c4a0t7cVmJMAX-V2PvO&_nc_ht=scontent.flhr4-4.fna&oh=00_AfBc6CComYAAaVA4AoueVKwLzOCoe4aITVbj5FQ8M3IdxA&oe=64703EEF
2005 Vauxhall Corsa 1.4 Petrol Auto ulez free - low miles 73k,995,https://www.facebook.com/marketplace/item/180682108223129/?ref=search&referral_code=null&referral_story_type=post&tracking=browse_serp%3A9b5f43c4-3d5f-47b7-b035-0c3c01f12559&__tn__=!%3AD,https://scontent.flhr4-4.fna.fbcdn.net/v/t39.30808-6/336283068_901725764214074_5343206372841786162_n.jpg?stp=c13.0.260.260a_dst-jpg_p261x260&_nc_cat=111&ccb=1-7&_nc_sid=3b2858&_nc_ohc=oIo22mqYD_8AX8KKUcd&_nc_ht=scontent.flhr4-4.fna&oh=00_AfAUNShmjUdtt9wA8BbbjP9W_4NFpgePlfUWomY1HoAcag&oe=646F9A82
2009 Volkswagen golf,800,https://www.facebook.com/marketplace/item/906715463954508/?ref=search&referral_code=null&referral_story_type=post&tracking=browse_serp%3A9b5f43c4-3d5f-47b7-b035-0c3c01f12559&__tn__=!%3AD,https://scontent.flhr4-4.fna.fbcdn.net/v/t39.30808-6/343134790_502402811958203_934551506937693925_n.jpg?stp=c45.0.260.260a_dst-jpg_p261x260&_nc_cat=105&ccb=1-7&_nc_sid=3b2858&_nc_ohc=-h8sQ_rjNZEAX9vl0L8&_nc_ht=scontent.flhr4-4.fna&oh=00_AfCaSNQ_2YkG1gCwHoqW_xPuBM79Z8tWZx9cyMXneYe2IQ&oe=646F903D
2008 FIAT 500,"1,050",https://www.facebook.com/marketplace/item/1671299719999080/?ref=search&referral_code=null&referral_story_type=post&tracking=browse_serp%3A9b5f43c4-3d5f-47b7-b035-0c3c01f12559&__tn__=!%3AD,https://scontent.flhr4-3.fna.fbcdn.net/v/t39.30808-6/342332596_969158554221670_6718016119508007571_n.jpg?stp=c0.258.640.640a_dst-jpg_s261x260&_nc_cat=102&ccb=1-7&_nc_sid=3b2858&_nc_ohc=x-ba3mpxzIEAX-H4bsq&_nc_ht=scontent.flhr4-3.fna&oh=00_AfA93vBnst-Wedto4hHHxGafB6MybIAzEo3BAP17EwxlWQ&oe=64700A3A
2007 Toyota yaris,"1,380",https://www.facebook.com/marketplace/item/240290238584152/?ref=search&referral_code=null&referral_story_type=post&tracking=browse_serp%3A9b5f43c4-3d5f-47b7-b035-0c3c01f12559&__tn__=!%3AD,https://scontent.flhr4-3.fna.fbcdn.net/v/t39.30808-6/345574864_1413779626063338_3072952118259922369_n.jpg?stp=c0.29.261.261a_dst-jpg_p261x260&_nc_cat=104&ccb=1-7&_nc_sid=3b2858&_nc_ohc=NqLBpu4DAlUAX-Uyvjm&_nc_ht=scontent.flhr4-3.fna&oh=00_AfClNUETPiedPNm1_LZH2B20CvbCuH5LwROTkVt4U2zWPA&oe=646F3881
2010 BMW m2,250,https://www.facebook.com/marketplace/item/570163441286892/?ref=search&referral_code=null&referral_story_type=post&tracking=browse_serp%3A9b5f43c4-3d5f-47b7-b035-0c3c01f12559&__tn__=!%3AD,https://scontent.flhr4-3.fna.fbcdn.net/v/t39.30808-6/324414161_2575949699249840_2052973967754385924_n.jpg?stp=c43.0.260.260a_dst-jpg_p261x260&_nc_cat=107&ccb=1-7&_nc_sid=843cd7&_nc_ohc=FrTXjVCyAccAX9U40eB&_nc_ht=scontent.flhr4-3.fna&oh=00_AfAUnrw0_lzLPa6_qFLTWYHrA6VoYQMB9XHQJtfosgvxiQ&oe=646E6E75
